cust_id,cust_first_name,cust_last_name,cust_address
7a2f8c31-7891-49d9-b3d2-f68a8e196795,Daniel,Jackson,"996 Aaron Mill, Jamesport, GU 68035"
a113b1d2-eee6-4464-ac72-38025b17ea8e,Stephen,Hodge,"Unit 4001 Box 4639, DPO AP 19122"
c2ec75c1-1021-4f18-b366-b8f542d5559d,Erin,Wilcox,"39116 Nathan Rue Suite 118, Jamesborough, CT 91871"
af30a5de-4222-4636-897d-f24b45badc5a,Joshua,Mosley,"1833 Hunter Unions, Danielview, NE 69027"
a8b95e1e-bf60-44c8-a0cb-c633bfdfd7a0,Anita,Robertson,"0718 Ann Prairie Suite 888, Charlesfort, MP 91023"
7e1ad247-95ff-4e16-b056-01555e85cb53,Diamond,Ibarra,"663 Doyle Cliff, North Logan, AL 51673"
59ec7687-db54-45ca-b8bb-a0d5e5294d76,Stephen,Shaffer,"31175 Guerra Corner, New Lisahaven, IL 76922"
76f935b7-5ddd-477c-9911-623d137aa7bc,John,Lara,"USNV Martin, FPO AP 21503"
7b18a68a-211e-49ff-86d1-bacfd4c409a9,Teresa,Mcmillan,"6974 Williams Camp, Gregoryfurt, MA 13542"
cd279da1-7c8f-4178-959d-63ec5bbc1b46,Richard,Clark,"PSC 9536, Box 9870, APO AP 67244"
061fb136-cbda-4926-aefc-f38f42e943e0,Thomas,Hall,"73798 James Canyon, North Jesse, MO 14630"
f3dbbf38-59f5-4b1a-96fd-6ec2b6ffe623,Dustin,Morton,"362 Farmer Canyon, Anthonyside, CO 90342"
29dd212a-75fd-48b8-ac76-37e91e721409,Emily,Clark,"Unit 0929 Box 1723, DPO AP 59330"
901e1289-8a13-4b2d-8dc7-47e8e084872d,Jeremy,Lester,"82340 Morales Roads, South Tony, TN 22401"
4786864f-f7f0-41b0-a356-6c4be02a2c52,Alexis,Kirk,"7178 Jacob Forks Suite 922, Sophiatown, AK 17506"
56ecabf2-88ab-4c27-9260-b9463140ee92,Deanna,Matthews,"21932 Smith Union Suite 638, Rosemouth, CT 95681"
4246f535-b54c-451d-ad73-6fb185d82f7d,Mary,Hernandez,"3978 Erin Extensions Apt. 903, Garciastad, ME 19736"
d3324bb7-0be6-44fb-8fcc-7d3f14f5409d,Andrew,Clark,"1456 Lynch Forge Suite 578, Lake Jeremyport, OK 64727"
2f6354cc-4e20-44a0-afbd-f6ef72e8e08f,Jacob,Martinez,"8793 Shannon Knolls Suite 545, East Ashleyside, IL 54585"
6981face-56cb-4c3b-96fe-e911151529ef,Kimberly,Clark,"2470 Sarah Shoals Apt. 213, Salasland, AK 29766"
cc33ccd9-8805-407e-ad4f-5defe6cebfa5,Jimmy,Ball,"8226 Hansen Parkways Suite 745, North Kevinfurt, AR 49140"
64099b2d-3a9b-4ace-9269-7807000b32f7,Bryan,Ellis,"059 Olson Knolls Suite 275, Molinaton, MT 61366"
911ec81d-3945-4d83-b69d-7b854cbae299,Lorraine,Flores,"115 Jennifer Skyway, West Lucas, WY 77291"
c9ee8ca2-fc39-4f55-9349-5508960ab12b,Diana,Baker,"Unit 8487 Box 6727, DPO AE 13509"
b32f4ae7-fa59-4940-90e9-7a6eeb80af94,Roger,Anderson,"86077 Jennifer Corners, South Glenbury, MP 25546"
e167f311-704d-44b3-8c45-17519ad868bb,Andrew,Velasquez,"667 Mcdaniel Way, West Courtney, DE 60572"
b0a2fc61-005e-45cf-aada-85f7c33b955f,Tracy,Deleon,"67488 Erica Village Suite 757, Olsenburgh, GA 50466"
1982c65f-71ed-4ca9-b14d-a1015ff7e5c2,Danielle,Harris,"082 Long Shore, South Jessetown, FM 68715"
a444f6c1-4ed6-4f4b-a834-71238cee9b2a,Ricky,Lawrence,"5135 Jason Forest Apt. 933, Rachelborough, DE 36599"
85662cb6-0660-44d6-ba27-0595d418a19d,Tyler,Blake,"USNV Rice, FPO AP 29411"
bf5c42d7-7d52-4c84-8d9b-af8291287f35,Michelle,Obrien,"297 Cassandra Alley Apt. 688, Port Lisaland, NJ 80716"
54eeb4a6-673c-46e8-98aa-8cc5ee82b28b,Carlos,Schroeder,"49085 Adam Meadow Apt. 147, Port Mariaborough, OH 54562"
e4442e54-4de4-4abb-b319-ccc9e0999de0,Christopher,Todd,"16226 Nguyen Lock, East Heathermouth, SD 11985"
5d7a956f-9e88-41c3-8e30-2a4cada8a37f,Marissa,Collins,"69465 Melissa Cliffs, Brownview, NE 54154"
fda39e98-83d3-4796-9905-8eabffc69eff,Lori,Patel,"Unit 4986 Box 4733, DPO AP 41189"
cfbe64c4-50dc-484b-915a-0a03d16a8851,Jacqueline,Davis,"50873 Priscilla Turnpike, West Charles, ME 43228"
28884f74-84f1-4fa8-8f56-756486c15abc,Manuel,Warren,"2668 Bell Union Apt. 849, Rodriguezville, NH 59707"
3fa9522d-69db-4e54-9ce2-de3b52ee3e7e,Kayla,Farmer,"74936 Gary Knolls, East Sharonville, NJ 64267"
170814cb-9907-4a86-bb4a-cdd54c32d55b,Brian,Clark,"173 Smith Views Apt. 117, Michaelshire, NE 63756"
32a055e6-3483-45bf-9742-37b8b11306e2,Mark,Aguilar,"799 Erica Roads, New Julie, MH 70679"
66dbeb1a-a27c-4cab-ad7f-4fcc788922a8,Angela,Roach,"4879 Debra Divide Apt. 304, New Nataliestad, WY 99822"
06b5265c-2faa-4b8c-93fd-7d0c401ed668,Tanner,Nichols,"3910 Welch Pike, East Marvin, WA 02528"
7cfa3f4c-8f1b-488d-b396-c42d9daa7b33,Amanda,Romero,"PSC 0840, Box 1694, APO AE 53824"
7d670569-10fa-4558-b681-f44257b53613,Nathaniel,Martinez,"030 Sexton Mall, Kathleenton, GU 76430"
b2ac5430-ec22-4326-9b35-5cbde72a742d,Doris,Mendoza,"642 Johnny Shores, Johnsonberg, RI 19257"
6c8e3c39-5a82-459b-a674-d5540cf99a28,Samantha,Miller,"500 Acosta Views Apt. 747, West Robert, ND 77825"
835f937b-1cb8-4b4e-b923-8271f9b4e02f,Robert,Jackson,"879 Rubio Stream, East Samuel, MO 49685"
d03251c5-58fa-41df-bef8-0675d61c8dcb,Brandon,Johnson,"5036 Kevin Rest Suite 621, Jamiechester, MS 32773"
5447150a-70ca-4a98-8d12-091cd25db865,Christina,Lee,"463 Wilkins Hills Apt. 595, Lake Cassandra, RI 58326"
e1e7634f-e803-423b-8644-cdc85cdb3b88,Zachary,Patterson,"USCGC Donovan, FPO AE 82891"
523ce54f-ca98-42f1-908a-297a0b04c489,Christian,Hawkins,"Unit 2956 Box 7441, DPO AA 40546"
dd300dab-fb87-4c2c-9206-3413092dd684,Carrie,Mack,"9308 Tara River Apt. 139, East Justinmouth, GA 14413"
f0b2cacc-bb48-4d35-b31b-1bfb0f8cd1b5,Mary,Neal,"24842 Shawn Lake Suite 600, North Lindaville, TX 61071"
92370558-f3e6-4599-a984-69106f708962,Rebecca,Cardenas,"872 Aaron Dale, Baileyfort, MS 96976"
c96d30a2-b971-4aa2-8a2d-a9db8ef967ee,Denise,Richardson,"6207 Watson Overpass Suite 869, South Paulberg, AZ 99786"
ca018ac6-40f4-44f3-be14-b2c782d25b01,Sarah,Jones,"52620 Johnathan Trafficway Suite 266, Rangelshire, FM 68205"
aa50b9c2-9905-451e-a743-35db1f077c04,Emily,Massey,"2798 Jessica Ford, Port Mauriceside, UT 48965"
8b2ede36-929e-47d4-94bb-7335be88313e,Joshua,Murray,"67061 Andrew Plains Apt. 664, Owenston, OR 28401"
d800d782-ae83-4bf1-8b41-95cb803c031b,Charles,Werner,"69227 Cheryl Heights Suite 025, Lake Toni, NY 40305"
a049c67f-32ea-4469-be0c-b4cb29011740,Emily,Flores,"0476 Ochoa Estates Apt. 804, Stevechester, TX 38389"
b01ac54b-4365-4e0d-b99c-c32895050ac7,Aaron,Patel,"1285 Moore Fords, Stanleyview, WA 15950"
89b4ddcd-562c-4b8a-ab87-4b9f88a29b53,Kara,Davis,"59702 Sharon Mountain, Tiffanyfurt, WI 37616"
2764fed7-1fb2-4bdf-b60c-7db6051b362f,Matthew,Reynolds,"8094 Zachary Roads Suite 348, South Patriciaton, WY 42697"
1b39fcc5-a5cf-451c-91ed-d81a5dad551c,Shannon,Reyes,"08498 Ricky Gardens, Michaelhaven, DE 08058"
276c1f5a-9763-4cf0-a4aa-9c1cd9e1b2ef,Vicki,Frost,"9492 Gabriel Lodge, Port Luke, OK 54514"
50737d63-48e2-4f5d-a040-8566c9ba019d,Debra,Singh,"7010 Lewis Underpass Suite 822, North Brian, MO 31630"
b93d7f43-0cbb-415e-a248-57cb590d561c,Jamie,Martin,"USNV King, FPO AE 28056"
cf5be9dd-e10a-4688-9d97-28d50e7d255f,Ruben,Washington,"USNV Harris, FPO AP 39664"
1e71220c-abbb-4ffb-ae10-af6372792405,Meghan,Baker,"8142 Kennedy Parkways, Robertborough, NM 21884"
20692797-20da-4d89-908f-893ecb376136,Keith,Barnes,"691 Aaron Trafficway Suite 444, Cynthiachester, NE 09160"
849ea95b-72a4-4364-9ea5-fafb08d43ee2,Melvin,Tran,"5112 Jennifer Stravenue, Angelabury, FM 81749"
338c531d-1d79-4c64-8501-7370a965089f,Joel,Phelps,"037 Wendy Squares Apt. 915, Clarkstad, ID 26213"
d19fc6e3-44c4-4d17-ad48-78edefcd06ed,Yolanda,Lawson,"90677 Jonathan Coves Suite 730, New Joseph, PW 06757"
3b725629-90a1-4697-a345-556474d44f06,Alexandria,Bell,"Unit 0714 Box 5705, DPO AA 97157"
9662d299-d601-4f63-bcde-64f046bc3dbf,James,Jackson,"610 Smith Spurs Apt. 136, Josemouth, FM 03229"
4cf621db-a54c-4983-9e62-f5d40c4da6a9,Christopher,Dominguez,"6474 Colleen Glens Suite 955, East Lisamouth, AL 77239"
4ce6f16c-536a-4de2-b92c-48910ad7709d,Lindsey,Mcpherson,"1102 Chad Forest, North Kelly, PA 42380"
2489dd5d-8e28-4a32-84f8-29cdd0a2cbcb,Melissa,Miller,"577 Gibbs Turnpike, Lake Jennifer, MT 11163"
086c7c83-db90-4893-a967-e61e4e3acf83,Tyler,Moore,"658 Mary Garden, New Bryanbury, CA 47774"
51f933e9-7088-4b79-9788-c16437ee01f6,Jordan,Riley,"1825 Campbell Pine Apt. 872, North Jeremy, GU 78018"
0a2b0150-136e-4513-a71b-15b1cb92bbf8,Edward,Santiago,"415 Bobby Station, Reynoldston, IN 31423"
98d14e7a-b89d-42d2-ab55-259d40503ee3,Nicole,Bradford,"801 Greer Junction Suite 333, Port Kimberlyshire, TX 08929"
4fd94a26-7bec-43a2-88e8-415a85ade287,Bonnie,Bradley,"PSC 3896, Box 6028, APO AA 24885"
bfc625ed-f752-46fa-a858-077c1535de0d,Sandy,Moore,"76291 Brian Ways Suite 817, East Sharon, ID 29188"
24cdf2e1-d7bf-4670-b372-483c2b39d06d,Heidi,Johnson,"8634 Day Views Suite 749, Port Michelle, WA 16159"
8b25c54b-0582-4e54-8352-07339a43ea85,Wendy,Weaver,"63762 Hernandez Roads Apt. 671, South Adamfort, DE 33664"
386eb032-9989-4534-8ff0-08a0c6a7ab19,Matthew,Miller,"145 Brian Ports Apt. 420, East Jennifer, OR 31657"
097a7163-5298-464f-bdac-7098a21c2029,Teresa,Lam,"2548 Roberta Divide, Haasborough, TX 01887"
17a5216a-88d0-4ac2-9eb0-527f90da5be5,Edward,Woods,"180 Nicholas Summit Suite 549, Ellenborough, KY 09238"
f2760781-1b19-4231-b3a1-152550b2e04c,Michael,Edwards,"619 Chloe Falls, Samanthaland, MS 75006"
767f4144-811e-451f-a67b-af52fabe9830,Jason,Perez,"11774 Bryan Summit Apt. 991, Lake Pamelaport, MO 62964"
c07b3daf-f6b6-41b0-a945-b70986f0eb46,Craig,Wood,"63046 Johnson Plains Suite 253, Port Angie, CT 75736"
dd422b36-e12d-4208-917f-b5bd22b30edd,Leah,Vasquez,"3083 Michelle Streets, Petersenshire, IA 31596"
e022e97a-ef5c-49cf-bf33-2b02b1d12752,Jeremy,Marshall,"7846 Shirley View Apt. 238, East Davidton, CA 15310"
3469561d-6284-4eb8-8581-aaf830fc99e4,Lisa,Jones,"3821 Charlene Drive, Port Phyllis, ND 81538"
8b2d6ec7-54d1-47ee-bbf4-06374a725c9b,Martin,Webster,"060 Wagner Port Suite 230, Rebeccabury, PA 41455"
3e4c1b52-cdbb-4950-9089-522349a2f719,Jennifer,White,"14097 Susan Union Suite 217, East Angela, GA 27471"
534c667e-024f-47c9-a3fc-98d451043083,Darius,Perez,"PSC 7864, Box 4105, APO AA 95600"
87ca6efd-5e23-4c09-b8bc-21c55ebdbf5b,Juan,Mcgee,"576 Tracy Crescent Suite 811, South Wayneshire, NY 58643"
8da1414d-55c6-48cc-9daf-c20a61befcfc,Tiffany,Jones,"1693 Kathryn Course, Lake Williamfort, MA 13835"
